{"cameraMode":{"drawMode":2,"name":"Shaded Wireframe","section":"Shading Mode"},"sceneLighting":true,"audioPlay":false,"sceneViewState":{"showFog":true,"showMaterialUpdate":false,"showSkybox":true,"showFlares":true,"showImageEffects":true,"showParticleSystems":true},"in2DMode":false,"pivot":{"x":-16.384340286254884,"y":-4.8068108558654789,"z":5.045671463012695},"rotation":{"x":-0.14158004522323609,"y":0.6404439210891724,"z":-0.12171605229377747,"w":-0.7449643015861511},"size":16.05669403076172,"orthographic":false}