{"cameraMode":{"drawMode":2,"name":"Shaded Wireframe","section":"Shading Mode"},"sceneLighting":true,"audioPlay":false,"sceneViewState":{"showFog":true,"showMaterialUpdate":false,"showSkybox":true,"showFlares":true,"showImageEffects":true,"showParticleSystems":true},"in2DMode":false,"pivot":{"x":-24.277524948120118,"y":18.18719482421875,"z":-2.7981467247009279},"rotation":{"x":0.3173939287662506,"y":0.47719380259513857,"z":-0.18999309837818147,"w":0.7971702218055725},"size":5.522520065307617,"orthographic":false}