{"cameraMode":{"drawMode":2,"name":"Shaded Wireframe","section":"Shading Mode"},"sceneLighting":true,"audioPlay":false,"sceneViewState":{"showFog":true,"showMaterialUpdate":false,"showSkybox":true,"showFlares":true,"showImageEffects":true,"showParticleSystems":true},"in2DMode":false,"pivot":{"x":13.681361198425293,"y":-3.374927520751953,"z":-27.07347297668457},"rotation":{"x":-0.2536252737045288,"y":-0.5180288553237915,"z":0.16416846215724946,"w":-0.8002581000328064},"size":24.62713050842285,"orthographic":false}