{"cameraMode":{"drawMode":2,"name":"Shaded Wireframe","section":"Shading Mode"},"sceneLighting":false,"audioPlay":false,"sceneViewState":{"showFog":true,"showMaterialUpdate":false,"showSkybox":false,"showFlares":true,"showImageEffects":true,"showParticleSystems":true},"in2DMode":false,"pivot":{"x":49.64775085449219,"y":-2.2251293659210207,"z":0.0},"rotation":{"x":-0.04048365354537964,"y":-0.016189994290471078,"z":-0.0006560758338309825,"w":0.9990496039390564},"size":2.5619513988494875,"orthographic":true}