{"cameraMode":{"drawMode":2,"name":"Shaded Wireframe","section":"Shading Mode"},"sceneLighting":false,"audioPlay":false,"sceneViewState":{"showFog":true,"showMaterialUpdate":false,"showSkybox":false,"showFlares":true,"showImageEffects":true,"showParticleSystems":true},"in2DMode":false,"pivot":{"x":95.70000457763672,"y":19.299999237060548,"z":0.0},"rotation":{"x":-0.04048365354537964,"y":-0.016189994290471078,"z":-0.0006560758338309825,"w":0.9990496039390564},"size":52.298431396484378,"orthographic":true}