{"cameraMode":{"drawMode":2,"name":"Shaded Wireframe","section":"Shading Mode"},"sceneLighting":false,"audioPlay":false,"sceneViewState":{"showFog":true,"showMaterialUpdate":false,"showSkybox":false,"showFlares":true,"showImageEffects":true,"showParticleSystems":true},"in2DMode":false,"pivot":{"x":117.37017059326172,"y":17.880416870117189,"z":6.691258430480957},"rotation":{"x":-0.04048365354537964,"y":-0.016189994290471078,"z":-0.0006560758338309825,"w":0.9990496039390564},"size":12.283401489257813,"orthographic":true}