{"cameraMode":{"drawMode":2,"name":"Shaded Wireframe","section":"Shading Mode"},"sceneLighting":false,"audioPlay":false,"sceneViewState":{"showFog":true,"showMaterialUpdate":false,"showSkybox":false,"showFlares":true,"showImageEffects":true,"showParticleSystems":true},"in2DMode":false,"pivot":{"x":80.12419128417969,"y":15.589166641235352,"z":57.469932556152347},"rotation":{"x":-0.04048365354537964,"y":-0.016189994290471078,"z":-0.0006560758338309825,"w":0.9990496039390564},"size":3.191021203994751,"orthographic":true}