{"cameraMode":{"drawMode":2,"name":"Shaded Wireframe","section":"Shading Mode"},"sceneLighting":false,"audioPlay":false,"sceneViewState":{"showFog":true,"showMaterialUpdate":false,"showSkybox":false,"showFlares":true,"showImageEffects":true,"showParticleSystems":true},"in2DMode":false,"pivot":{"x":28.029449462890626,"y":8.592182159423829,"z":51.490867614746097},"rotation":{"x":-0.04048365354537964,"y":-0.016189994290471078,"z":-0.0006560758338309825,"w":0.9990496039390564},"size":27.262439727783204,"orthographic":true}